PH325;https://d22fx79ptltpko.cloudfront.net/products/PH325/images/ph325-01-20210523104904.jpg
PH323;https://d22fx79ptltpko.cloudfront.net/products/PH323/images/ph323-01-20210523104903.jpg
PH322;https://d22fx79ptltpko.cloudfront.net/products/PH322/images/ph322-01-20210523104903.jpg
PH002BU;https://d22fx79ptltpko.cloudfront.net/products/PH002BU/images/ph002-01-20221020172641.jpg
PH002;https://d22fx79ptltpko.cloudfront.net/products/PH002/images/ph002-01-20221020164535.jpg
PH062;https://d22fx79ptltpko.cloudfront.net/products/PH062/images/ph062-01-20210523104835.jpg
PH333;https://d22fx79ptltpko.cloudfront.net/products/PH333/images/ph333-01-20210523104906.jpg
PH332;https://d22fx79ptltpko.cloudfront.net/products/PH332/images/ph332-01-20230227110153.jpg
PH053;https://d22fx79ptltpko.cloudfront.net/products/PH053/images/ph053-01-20230109141536.jpg
PH054;https://d22fx79ptltpko.cloudfront.net/products/PH054/images/ph054-01-20230109142029.jpg
PH146;https://d22fx79ptltpko.cloudfront.net/products/PH146/images/ph146-01-20210523104843.jpg
PH123;https://d22fx79ptltpko.cloudfront.net/products/PH123/images/ph123-01-20210523104840.jpg
PH330;https://d22fx79ptltpko.cloudfront.net/products/PH330/images/ph330-01-20210523104905.jpg
PH041;https://d22fx79ptltpko.cloudfront.net/products/PH041/images/ph041-01-20210523104833.jpg
PH073;https://d22fx79ptltpko.cloudfront.net/products/PH073/images/ph073-01-20210523104836.jpg
PH316;https://d22fx79ptltpko.cloudfront.net/products/PH316/images/ph316-02-20210523104902.jpg
PH120;https://d22fx79ptltpko.cloudfront.net/products/PH120/images/ph120-01-20210523104840.jpg
PH088;https://d22fx79ptltpko.cloudfront.net/products/PH088/images/ph088-01-20230109151106.jpg
PH364;https://d22fx79ptltpko.cloudfront.net/products/PH364/images/ph364-01-20210523104909.jpg
PH256;https://d22fx79ptltpko.cloudfront.net/products/PH256/images/ph256-01-20210523104854.jpg
PH049;https://d22fx79ptltpko.cloudfront.net/products/PH049/images/ph049-01-20210523104834.jpg
PH246;https://d22fx79ptltpko.cloudfront.net/products/PH246/images/ph246-02-20210523104853.jpg
PH247;https://d22fx79ptltpko.cloudfront.net/products/PH247/images/ph247-01-20210523104854.jpg
PH317;https://d22fx79ptltpko.cloudfront.net/products/PH317/images/ph317-01-20221020165714.jpg
PH414;https://d22fx79ptltpko.cloudfront.net/products/PH414/images/ph414-01-20221020104924.jpg
PH413;https://d22fx79ptltpko.cloudfront.net/products/PH413/images/ph413-01-20221020104822.jpg
